serie_id,fallas_historicas,costo_historico,primera_falla,ultima_falla
"211evo2||ACF valve||EXCESSIVE PLAY (LOOSE, WORN, SLACK)",5,923.34,2025-05-01,2025-10-01
211evo2||ACF valve||Repair as instructed,1,198.58,2024-11-01,2024-11-01
211evo2||Activated charcoal filter pipe||ELECTRICAL FAULT,6,814.77,2024-07-01,2025-03-01
211evo2||Activated charcoal filter pipe||LEAKING,4,976.22,2024-03-01,2025-10-01
211evo2||Activated charcoal filter pipe||NOISY,2,29.990000000000002,2025-09-01,2025-11-01
"211evo2||Adjuster unit for valve lift system||MECHANICAL FAULT,CRACKED, DEFORMED, DAMAGED",2,363.74,2024-07-01,2024-09-01
"211evo2||Bypass control unit||MECHANICAL FAULT,CRACKED, DEFORMED, DAMAGED",1,70.27,2025-10-01,2025-10-01
"211evo2||Cam follower shaft||MECHANICAL FAULT,CRACKED, DEFORMED, DAMAGED",1,66.2,2025-04-01,2025-04-01
211evo2||Camshaft adjuster||NOISY,2,404.06,2024-04-01,2025-07-01
"211evo2||Camshaft adjuster||STIFF (STICKS, JAMS,SEIZED)",1,2380.96,2024-09-01,2024-09-01
"211evo2||Camshaft adjuster||TORN, BROKEN, ELECTRICAL OPEN CIRCUIT",2,1109.75,2025-07-01,2025-11-01
211evo2||Camshaft housing||NOISY,1,20.98,2025-05-01,2025-05-01
"211evo2||Camshaft housing||TORN, BROKEN, ELECTRICAL OPEN CIRCUIT",1,2168.94,2024-10-01,2024-10-01
"211evo2||Camshaft sprocket||EXCESSIVE PLAY (LOOSE, WORN, SLACK)",1,70.64,2025-07-01,2025-07-01
"211evo2||Camshaft sprocket||MECHANICAL FAULT,CRACKED, DEFORMED, DAMAGED",7,5229.15,2025-01-01,2025-08-01
"211evo2||Camshaft||MECHANICAL FAULT,CRACKED, DEFORMED, DAMAGED",4,364.65,2024-06-01,2025-09-01
211evo2||Camshaft||NOISY,1,16.15,2025-08-01,2025-08-01
211evo2||Chain housing cover||LEAKING,3,461.74,2025-06-01,2025-09-01
"211evo2||Chain housing cover||MECHANICAL FAULT,CRACKED, DEFORMED, DAMAGED",3,380.57,2025-03-01,2025-11-01
211evo2||Cold start valve||ELECTRICAL FAULT,1,22.63,2025-09-01,2025-09-01
"211evo2||Cold start valve||MECHANICAL FAULT,CRACKED, DEFORMED, DAMAGED",4,550.84,2024-12-01,2025-11-01
"211evo2||Combi-valve||EXCESSIVE PLAY (LOOSE, WORN, SLACK)",1,157.02,2024-11-01,2024-11-01
211evo2||Combi-valve||LEAKING,4,923.7800000000001,2025-02-01,2025-06-01
"211evo2||Combi-valve||TORN, BROKEN, ELECTRICAL OPEN CIRCUIT",1,193.31,2025-11-01,2025-11-01
"211evo2||Compressor||MECHANICAL FAULT,CRACKED, DEFORMED, DAMAGED",1,19.25,2024-07-01,2024-07-01
"211evo2||Conrod bearing||MECHANICAL FAULT,CRACKED, DEFORMED, DAMAGED",2,12596.54,2024-06-01,2025-09-01
"211evo2||Conrod||MECHANICAL FAULT,CRACKED, DEFORMED, DAMAGED",1,4317.48,2025-04-01,2025-04-01
211evo2||Control housing||LEAKING,1,127.61,2025-09-01,2025-09-01
211evo2||Coolant hose flange||LEAKING,2,706.0799999999999,2025-04-01,2025-06-01
"211evo2||Coolant hose flange||MECHANICAL FAULT,CRACKED, DEFORMED, DAMAGED",1,698.02,2025-08-01,2025-08-01
"211evo2||Coolant pump seals||MECHANICAL FAULT,CRACKED, DEFORMED, DAMAGED",3,975.56,2024-10-01,2025-09-01
"211evo2||Coolant pump||TORN, BROKEN, ELECTRICAL OPEN CIRCUIT",1,77.25,2025-10-01,2025-10-01
211evo2||Coolant temperature sender||LEAKING,1,379.75,2024-10-01,2024-10-01
211evo2||Core plug||LEAKING,3,5236.41,2025-04-01,2025-09-01
"211evo2||Crankcase breather||MECHANICAL FAULT,CRACKED, DEFORMED, DAMAGED",2,319.14,2024-03-01,2025-03-01
"211evo2||Crankshaft bearing||MECHANICAL FAULT,CRACKED, DEFORMED, DAMAGED",1,6221.94,2025-01-01,2025-01-01
"211evo2||Crankshaft oil seal, flywheel end||LEAKING",2,2366.62,2025-08-01,2025-10-01
"211evo2||Crankshaft oil seal, flywheel end||MECHANICAL FAULT,CRACKED, DEFORMED, DAMAGED",1,1237.49,2024-09-01,2024-09-01
"211evo2||Crankshaft oil seal, pulley end||MECHANICAL FAULT,CRACKED, DEFORMED, DAMAGED",3,1937.0800000000002,2025-09-01,2025-11-01
"211evo2||Crankshaft vibration damper||MECHANICAL FAULT,CRACKED, DEFORMED, DAMAGED",3,778.38,2024-08-01,2025-11-01
211evo2||Crankshaft vibration damper||NOISY,1,163.48,2025-04-01,2025-04-01
"211evo2||Crankshaft||MECHANICAL FAULT,CRACKED, DEFORMED, DAMAGED",2,91.77,2025-01-01,2025-08-01
211evo2||Cylinder block||Repair as instructed,8,28591.97,2024-12-01,2025-10-01
"211evo2||Cylinder block||TORN, BROKEN, ELECTRICAL OPEN CIRCUIT",1,4759.98,2025-09-01,2025-09-01
211evo2||Cylinder block||VEHICLE BUY-BACK,1,5226.03,2025-04-01,2025-04-01
"211evo2||Cylinder head cover||MECHANICAL FAULT,CRACKED, DEFORMED, DAMAGED",2,231.01999999999998,2024-10-01,2025-05-01
211evo2||Cylinder head gasket||Repair as instructed,2,4192.77,2025-06-01,2025-10-01
"211evo2||Cylinder head||TORN, BROKEN, ELECTRICAL OPEN CIRCUIT",1,1650.31,2025-11-01,2025-11-01
"211evo2||Cylinder liner||MECHANICAL FAULT,CRACKED, DEFORMED, DAMAGED",1,83.52,2025-10-01,2025-10-01
211evo2||Dipstick||LEAKING,1,59.89,2025-09-01,2025-09-01
"211evo2||Drive plate for converter||MECHANICAL FAULT,CRACKED, DEFORMED, DAMAGED",3,2990.18,2025-05-01,2025-11-01
"211evo2||EGR change over valve||TORN, BROKEN, ELECTRICAL OPEN CIRCUIT",1,248.11,2025-08-01,2025-08-01
"211evo2||Elec inj wiring loom||CONTACT / PLUG (LOOSE, PINS PUSHED BACK)",1,62.91,2025-08-01,2025-08-01
211evo2||Engine Oil||REDUCTION,2,57.519999999999996,2025-09-01,2025-11-01
211evo2||Engine Oil||Repair as instructed,2,201.26999999999998,2025-03-01,2025-04-01
"211evo2||Engine wiring loom||CABLE (PINCHED, SHORT CIRCUIT)",2,1057.04,2025-07-01,2025-08-01
"211evo2||Engine wiring loom||CABLE CONNECTION (LOOSE, INTERMITTENT, POOR GROUND)",4,3580.19,2024-04-01,2025-10-01
211evo2||Engine wiring loom||CONNECTOR HOUSING / COUPLING,2,1352.52,2024-05-01,2025-09-01
"211evo2||Engine wiring loom||CONTACT / PLUG (LOOSE, PINS PUSHED BACK)",2,451.04,2025-04-01,2025-08-01
211evo2||Engine wiring loom||CRIMP CONTACT (CRIMPED OVER INSULATION),1,225.97,2025-01-01,2025-01-01
"211evo2||Exhaust gas recirculation cooler||MECHANICAL FAULT,CRACKED, DEFORMED, DAMAGED",1,59.57,2025-10-01,2025-10-01
"211evo2||Exhaust gas recirculation valve||MECHANICAL FAULT,CRACKED, DEFORMED, DAMAGED",5,849.5600000000001,2025-02-01,2025-07-01
211evo2||Exhaust manifold gasket||LEAKING,2,1059.03,2025-10-01,2025-11-01
"211evo2||Exhaust manifold gasket||MECHANICAL FAULT,CRACKED, DEFORMED, DAMAGED",6,909.87,2025-02-01,2025-11-01
"211evo2||Exhaust manifold securing parts||MECHANICAL FAULT,CRACKED, DEFORMED, DAMAGED",1,213.8,2025-11-01,2025-11-01
"211evo2||Exhaust manifold||MECHANICAL FAULT,CRACKED, DEFORMED, DAMAGED",1,156.21,2025-02-01,2025-02-01
"211evo2||Exhaust valve||MECHANICAL FAULT,CRACKED, DEFORMED, DAMAGED",2,521.86,2025-08-01,2025-08-01
"211evo2||Flywheel||MECHANICAL FAULT,CRACKED, DEFORMED, DAMAGED",2,2430.41,2024-09-01,2024-12-01
211evo2||Fuel distributor||LEAKING,1,622.35,2025-10-01,2025-10-01
"211evo2||Fuel distributor||MECHANICAL FAULT,CRACKED, DEFORMED, DAMAGED",7,849.51,2024-09-01,2025-06-01
211evo2||Fuel pressure regulating valve||ELECTRICAL FAULT,1,117.18,2025-03-01,2025-03-01
211evo2||Fuel pressure sender||LEAKING,3,365.49,2025-06-01,2025-10-01
211evo2||Fuel pump||LEAKING,1,416.21,2024-11-01,2024-11-01
"211evo2||Fuel pump||MECHANICAL FAULT,CRACKED, DEFORMED, DAMAGED",5,536.37,2024-06-01,2025-08-01
211evo2||Fuel pump||NOISY,1,38.34,2024-06-01,2024-06-01
211evo2||Gas injector||ELECTRICAL FAULT,1,21.46,2025-08-01,2025-08-01
211evo2||High pressure pump||INEFFECTIVE,3,1162.78,2024-10-01,2025-08-01
211evo2||High pressure pump||LEAKING,3,1200.69,2024-05-01,2025-09-01
211evo2||High pressure pump||NOISY,3,1052.85,2024-09-01,2025-08-01
"211evo2||Hydraulic bucket tappet||MECHANICAL FAULT,CRACKED, DEFORMED, DAMAGED",3,3047.26,2025-01-01,2025-08-01
211evo2||Ignition coil||INEFFECTIVE,1,245.37,2024-12-01,2024-12-01
"211evo2||Ignition coil||TORN, BROKEN, ELECTRICAL OPEN CIRCUIT",3,362.94,2024-03-01,2025-07-01
211evo2||Impulse sender for crankshaft||INEFFECTIVE,1,844.69,2025-10-01,2025-10-01
"211evo2||Injection unit, upper part||MECHANICAL FAULT,CRACKED, DEFORMED, DAMAGED",1,69.68,2025-10-01,2025-10-01
"211evo2||Injector||STIFF (STICKS, JAMS,SEIZED)",1,669.03,2024-02-01,2024-02-01
"211evo2||Injector||TORN, BROKEN, ELECTRICAL OPEN CIRCUIT",2,2222.64,2024-03-01,2025-01-01
211evo2||Inlet Manifold||LEAKING,1,413.57,2025-01-01,2025-01-01
"211evo2||Intake manifold||MECHANICAL FAULT,CRACKED, DEFORMED, DAMAGED",1,229.25,2024-04-01,2024-04-01
"211evo2||Intake valve guide||EXCESSIVE PLAY (LOOSE, WORN, SLACK)",1,157.43,2025-03-01,2025-03-01
"211evo2||Intake valve guide||MECHANICAL FAULT,CRACKED, DEFORMED, DAMAGED",1,42.73,2025-10-01,2025-10-01
"211evo2||Intake valve||MECHANICAL FAULT,CRACKED, DEFORMED, DAMAGED",2,138.18,2024-07-01,2025-07-01
211evo2||Intake valve||NOISY,2,60.199999999999996,2024-10-01,2025-04-01
"211evo2||Intake valve||STIFF (STICKS, JAMS,SEIZED)",1,107.7,2025-10-01,2025-10-01
"211evo2||Intermediate plate||MECHANICAL FAULT,CRACKED, DEFORMED, DAMAGED",3,2304.74,2025-03-01,2025-11-01
211evo2||Intermediate plate||NOISY,2,2718.91,2024-10-01,2025-04-01
"211evo2||Knock sensor||MECHANICAL FAULT,CRACKED, DEFORMED, DAMAGED",7,1424.28,2024-09-01,2025-08-01
211evo2||Oil cooler||INEFFECTIVE,1,1051.98,2025-09-01,2025-09-01
211evo2||Oil drain plug||LEAKING,5,337.68,2024-08-01,2025-09-01
211evo2||Oil filler cap||LEAKING,1,170.36,2024-06-01,2024-06-01
211evo2||Oil filter flange||LEAKING,1,0.0,2025-11-01,2025-11-01
"211evo2||Oil filter flange||MECHANICAL FAULT,CRACKED, DEFORMED, DAMAGED",2,64.44999999999999,2025-04-01,2025-05-01
211evo2||Oil filter||INEFFECTIVE,5,902.17,2025-03-01,2025-11-01
211evo2||Oil level sensor||INCORRECT STANDARD PART/SPECIFICATION,1,41.73,2025-07-01,2025-07-01
211evo2||Oil level sensor||LEAKING,4,938.04,2025-04-01,2025-10-01
211evo2||Oil pressure sender||LEAKING,1,73.02,2025-01-01,2025-01-01
211evo2||Oil pressure switch||LEAKING,1,347.68,2025-02-01,2025-02-01
211evo2||Oil pressure switch||Repair as instructed,3,615.75,2025-04-01,2025-04-01
"211evo2||Oil pressure switch||TORN, BROKEN, ELECTRICAL OPEN CIRCUIT",3,572.43,2025-02-01,2025-05-01
"211evo2||Oil pump drive||MECHANICAL FAULT,CRACKED, DEFORMED, DAMAGED",2,2797.84,2025-05-01,2025-05-01
211evo2||Oil pump||LEAKING,2,1035.92,2024-12-01,2025-02-01
"211evo2||Oil pump||MECHANICAL FAULT,CRACKED, DEFORMED, DAMAGED",11,6460.66,2024-08-01,2025-06-01
"211evo2||Oil pump||TORN, BROKEN, ELECTRICAL OPEN CIRCUIT",1,808.51,2025-06-01,2025-06-01
"211evo2||Oil return pipe||MECHANICAL FAULT,CRACKED, DEFORMED, DAMAGED",1,98.95,2025-11-01,2025-11-01
211evo2||Oil separator||Repair as instructed,1,675.37,2025-08-01,2025-08-01
"211evo2||Oil separator||TORN, BROKEN, ELECTRICAL OPEN CIRCUIT",6,2101.9900000000002,2024-08-01,2025-09-01
211evo2||Oil sump gasket||LEAKING,1,200.5,2025-09-01,2025-09-01
"211evo2||Oil supply pipe||MECHANICAL FAULT,CRACKED, DEFORMED, DAMAGED",2,357.69,2025-01-01,2025-11-01
211evo2||Oil temperature sender||ELECTRICAL FAULT,5,664.92,2025-01-01,2025-11-01
"211evo2||Oil temperature sender||MECHANICAL FAULT,CRACKED, DEFORMED, DAMAGED",2,103.38,2024-08-01,2025-04-01
"211evo2||Pistons||MECHANICAL FAULT,CRACKED, DEFORMED, DAMAGED",5,11133.84,2024-04-01,2025-04-01
211evo2||Pistons||NOISY,1,73.71,2025-10-01,2025-10-01
"211evo2||Potentiometer||MECHANICAL FAULT,CRACKED, DEFORMED, DAMAGED",1,41.63,2025-04-01,2025-04-01
"211evo2||Pressure regulating valve||MECHANICAL FAULT,CRACKED, DEFORMED, DAMAGED",5,769.1600000000001,2025-05-01,2025-11-01
"211evo2||Pressure regulator||MECHANICAL FAULT,CRACKED, DEFORMED, DAMAGED",3,677.6700000000001,2024-05-01,2025-10-01
"211evo2||Pressure sensor||MECHANICAL FAULT,CRACKED, DEFORMED, DAMAGED",2,251.11,2025-05-01,2025-07-01
"211evo2||Seal||MECHANICAL FAULT,CRACKED, DEFORMED, DAMAGED",1,74.79,2025-02-01,2025-02-01
"211evo2||Solenoid valve||STIFF (STICKS, JAMS,SEIZED)",1,72.52,2024-10-01,2024-10-01
211evo2||Spark plug||INCORRECT STANDARD PART/SPECIFICATION,5,1067.3,2024-04-01,2025-08-01
211evo2||Spark plug||LEAKING,4,479.9,2024-04-01,2024-08-01
211evo2||Spark plug||Repair as instructed,2,1752.3799999999999,2024-03-01,2024-04-01
"211evo2||Sprocket for camshaft||MECHANICAL FAULT,CRACKED, DEFORMED, DAMAGED",4,4801.13,2024-04-01,2025-08-01
"211evo2||Sump upper part||MECHANICAL FAULT,CRACKED, DEFORMED, DAMAGED",3,1535.22,2025-03-01,2025-10-01
"211evo2||Tappet||MECHANICAL FAULT,CRACKED, DEFORMED, DAMAGED",2,464.58,2025-04-01,2025-04-01
211evo2||Temperature sensor||ELECTRICAL FAULT,2,383.71,2025-07-01,2025-09-01
"211evo2||Temperature sensor||MECHANICAL FAULT,CRACKED, DEFORMED, DAMAGED",6,807.74,2024-07-01,2025-08-01
211evo2||Tensioning pulley||NOISY,2,85.85,2025-03-01,2025-06-01
211evo2||Thermostat||ELECTRICAL FAULT,2,215.92000000000002,2025-05-01,2025-06-01
211evo2||Thermostat||LEAKING,1,531.73,2024-07-01,2024-07-01
"211evo2||Thermostat||STIFF (STICKS, JAMS,SEIZED)",1,599.42,2025-04-01,2025-04-01
"211evo2||Throttle valve control part||STIFF (STICKS, JAMS,SEIZED)",2,434.39,2025-09-01,2025-10-01
"211evo2||Throttle valve control part||TORN, BROKEN, ELECTRICAL OPEN CIRCUIT",1,1.32,2025-07-01,2025-07-01
"211evo2||Throttle valve housing||MECHANICAL FAULT,CRACKED, DEFORMED, DAMAGED",3,169.79000000000002,2025-05-01,2025-11-01
"211evo2||Throttle valve positioner||MECHANICAL FAULT,CRACKED, DEFORMED, DAMAGED",1,29.63,2024-09-01,2024-09-01
"211evo2||Toothed belt sprocket, injection pump||MECHANICAL FAULT,CRACKED, DEFORMED, DAMAGED",1,337.67,2025-10-01,2025-10-01
211evo2||Toothed belt||NOISY,1,87.33,2024-05-01,2024-05-01
"211evo2||Turbocharger||EXCESSIVE PLAY (LOOSE, WORN, SLACK)",1,1644.13,2025-07-01,2025-07-01
211evo2||Turbocharger||INEFFECTIVE,2,1402.9499999999998,2025-05-01,2025-10-01
211evo2||Turbocharger||LEAKING,2,2387.76,2025-01-01,2025-07-01
211evo2||Turbocharger||Repair as instructed,1,71.09,2024-07-01,2024-07-01
"211evo2||Turbocharger||STIFF (STICKS, JAMS,SEIZED)",2,2538.6099999999997,2025-01-01,2025-04-01
211evo2||Turbocharger||TESTED (Unable to reproduce fault),2,145.67000000000002,2025-04-01,2025-06-01
"211evo2||Turbocharger||TORN, BROKEN, ELECTRICAL OPEN CIRCUIT",1,1087.69,2024-08-01,2024-08-01
"211evo2||Two-part flywheel||MECHANICAL FAULT,CRACKED, DEFORMED, DAMAGED",1,50.78,2024-12-01,2024-12-01
"211evo2||Union for supercharger||TORN, BROKEN, ELECTRICAL OPEN CIRCUIT",1,178.44,2025-05-01,2025-05-01
"211evo2||Valve stem seal||MECHANICAL FAULT,CRACKED, DEFORMED, DAMAGED",2,71.81,2025-09-01,2025-10-01
"888G3||ACF valve||EXCESSIVE PLAY (LOOSE, WORN, SLACK)",1,259.14,2025-02-01,2025-02-01
888G3||ACF valve||NOISY,1,161.24,2024-11-01,2024-11-01
"888G3||ACF valve||STIFF (STICKS, JAMS,SEIZED)",1,135.24,2025-03-01,2025-03-01
888G3||Activated charcoal filter pipe||ELECTRICAL FAULT,2,115.43,2025-01-01,2025-10-01
888G3||Activated charcoal filter pipe||LEAKING,1,558.63,2025-07-01,2025-07-01
888G3||Activated charcoal filter pipe||NOISY,2,112.22999999999999,2024-11-01,2025-11-01
"888G3||Adjuster unit for valve lift system||MECHANICAL FAULT,CRACKED, DEFORMED, DAMAGED",1,135.02,2025-10-01,2025-10-01
888G3||Adjuster unit for valve lift system||NOISY,1,71.7,2025-01-01,2025-01-01
"888G3||Balance shaft||MECHANICAL FAULT,CRACKED, DEFORMED, DAMAGED",2,602.6700000000001,2025-01-01,2025-11-01
888G3||Base engine||NOISY,1,3693.5,2025-07-01,2025-07-01
"888G3||Camshaft adjuster||EXCESSIVE PLAY (LOOSE, WORN, SLACK)",1,9.61,2024-06-01,2024-06-01
888G3||Camshaft adjuster||LEAKING,5,513.99,2025-04-01,2025-08-01
888G3||Camshaft adjuster||NOISY,2,512.59,2025-02-01,2025-08-01
"888G3||Camshaft adjuster||STIFF (STICKS, JAMS,SEIZED)",1,103.25,2024-10-01,2024-10-01
"888G3||Camshaft bearings||MECHANICAL FAULT,CRACKED, DEFORMED, DAMAGED",1,165.71,2024-03-01,2024-03-01
888G3||Camshaft housing||LEAKING,1,1530.26,2025-08-01,2025-08-01
"888G3||Camshaft housing||MECHANICAL FAULT,CRACKED, DEFORMED, DAMAGED",5,5285.75,2024-08-01,2025-10-01
888G3||Camshaft housing||NOISY,1,1009.47,2025-06-01,2025-06-01
"888G3||Carburettor||MECHANICAL FAULT,CRACKED, DEFORMED, DAMAGED",1,736.39,2024-10-01,2024-10-01
"888G3||Chain for balance shaft||MECHANICAL FAULT,CRACKED, DEFORMED, DAMAGED",2,8329.48,2025-03-01,2025-07-01
"888G3||Chain housing cover||EXCESSIVE PLAY (LOOSE, WORN, SLACK)",1,1308.8,2024-10-01,2024-10-01
"888G3||Chain housing cover||TORN, BROKEN, ELECTRICAL OPEN CIRCUIT",2,4198.97,2025-06-01,2025-07-01
"888G3||Chain tensioner||MECHANICAL FAULT,CRACKED, DEFORMED, DAMAGED",3,7067.27,2025-02-01,2025-10-01
"888G3||Clutch pressure plate||MECHANICAL FAULT,CRACKED, DEFORMED, DAMAGED",1,1690.02,2024-12-01,2024-12-01
"888G3||Cold start valve||MECHANICAL FAULT,CRACKED, DEFORMED, DAMAGED",2,552.63,2024-08-01,2025-05-01
888G3||Combi-valve||ELECTRICAL FAULT,4,1782.83,2024-11-01,2025-05-01
"888G3||Combi-valve||EXCESSIVE PLAY (LOOSE, WORN, SLACK)",1,164.8,2025-06-01,2025-06-01
"888G3||Combi-valve||TORN, BROKEN, ELECTRICAL OPEN CIRCUIT",1,414.79,2025-10-01,2025-10-01
"888G3||Conrod bearing||EXCESSIVE PLAY (LOOSE, WORN, SLACK)",1,9305.89,2025-06-01,2025-06-01
888G3||Conrod bearing||NOISY,1,7904.99,2025-06-01,2025-06-01
"888G3||Conrod||MECHANICAL FAULT,CRACKED, DEFORMED, DAMAGED",1,5954.99,2025-06-01,2025-06-01
888G3||Coolant hose flange||LEAKING,3,777.02,2025-04-01,2025-07-01
"888G3||Coolant pipe||MECHANICAL FAULT,CRACKED, DEFORMED, DAMAGED",4,1382.93,2024-08-01,2025-05-01
"888G3||Coolant pipe||TORN, BROKEN, ELECTRICAL OPEN CIRCUIT",2,437.47,2025-02-01,2025-09-01
"888G3||Coolant pump||EXCESSIVE PLAY (LOOSE, WORN, SLACK)",1,97.84,2025-03-01,2025-03-01
888G3||Coolant pump||Repair as instructed,1,66.25,2024-12-01,2024-12-01
888G3||Coolant temperature sender||ELECTRICAL FAULT,4,201.79,2025-05-01,2025-10-01
888G3||Crankshaft bearing||Repair as instructed,1,8385.01,2024-09-01,2024-09-01
"888G3||Crankshaft oil seal, flywheel end||LEAKING",5,5535.3099999999995,2025-05-01,2025-11-01
"888G3||Crankshaft oil seal, flywheel end||MECHANICAL FAULT,CRACKED, DEFORMED, DAMAGED",2,2884.02,2025-04-01,2025-11-01
"888G3||Crankshaft oil seal, pulley end||MECHANICAL FAULT,CRACKED, DEFORMED, DAMAGED",6,1593.3899999999999,2024-07-01,2025-11-01
"888G3||Crankshaft vibration damper||EXCESSIVE PLAY (LOOSE, WORN, SLACK)",1,554.91,2025-03-01,2025-03-01
888G3||Crankshaft vibration damper||LEAKING,1,299.32,2025-10-01,2025-10-01
"888G3||Crankshaft vibration damper||MECHANICAL FAULT,CRACKED, DEFORMED, DAMAGED",6,2038.5900000000001,2024-10-01,2025-01-01
"888G3||Crankshaft vibration damper||VIBRATION,OUT OF BALANCE,OUT OF ROUND,",1,193.21,2025-01-01,2025-01-01
"888G3||Crankshaft||MECHANICAL FAULT,CRACKED, DEFORMED, DAMAGED",1,31.83,2024-11-01,2024-11-01
888G3||Cylinder block||TESTED (Unable to reproduce fault),1,265.39,2024-07-01,2024-07-01
"888G3||Cylinder block||TORN, BROKEN, ELECTRICAL OPEN CIRCUIT",1,6252.75,2025-08-01,2025-08-01
888G3||Cylinder head cover||LEAKING,1,486.65,2025-09-01,2025-09-01
888G3||Cylinder head gasket||LEAKING,7,18805.53,2024-07-01,2025-11-01
"888G3||Cylinder head gasket||MECHANICAL FAULT,CRACKED, DEFORMED, DAMAGED",6,11249.09,2024-05-01,2025-11-01
888G3||Cylinder head||Repair as instructed,1,54.06,2024-05-01,2024-05-01
"888G3||Damper||STIFF (STICKS, JAMS,SEIZED)",1,27.44,2025-08-01,2025-08-01
888G3||Dipstick||NOISY,2,223.53,2024-11-01,2025-04-01
888G3||Dipstick||Repair as instructed,2,228.17000000000002,2025-06-01,2025-07-01
"888G3||Drive plate for converter||MECHANICAL FAULT,CRACKED, DEFORMED, DAMAGED",1,1205.71,2025-02-01,2025-02-01
"888G3||EGR change over valve||MECHANICAL FAULT,CRACKED, DEFORMED, DAMAGED",1,53.22,2025-09-01,2025-09-01
888G3||Elec inj wiring loom||INCORRECT STANDARD PART/SPECIFICATION,2,584.46,2025-03-01,2025-10-01
"888G3||Engine complete||MECHANICAL FAULT,CRACKED, DEFORMED, DAMAGED",1,3205.21,2024-09-01,2024-09-01
888G3||Engine complete||NOISY,2,3258.35,2024-09-01,2024-09-01
"888G3||Engine speed sender wheel||MECHANICAL FAULT,CRACKED, DEFORMED, DAMAGED",1,1302.63,2024-10-01,2024-10-01
"888G3||Engine wiring loom||CABLE (PINCHED, SHORT CIRCUIT)",1,426.54,2025-05-01,2025-05-01
"888G3||Exhaust manifold gasket||MECHANICAL FAULT,CRACKED, DEFORMED, DAMAGED",3,218.99,2024-12-01,2025-11-01
"888G3||Exhaust manifold||MECHANICAL FAULT,CRACKED, DEFORMED, DAMAGED",3,362.27,2024-08-01,2025-05-01
"888G3||Fuel distributor||EXCESSIVE PLAY (LOOSE, WORN, SLACK)",2,171.07999999999998,2025-01-01,2025-05-01
888G3||Fuel distributor||LEAKING,2,1224.1,2024-11-01,2025-10-01
"888G3||Fuel pressure regulating valve||MECHANICAL FAULT,CRACKED, DEFORMED, DAMAGED",2,632.8299999999999,2024-10-01,2025-08-01
888G3||Fuel pressure regulating valve||VEHICLE BUY-BACK,1,45.62,2025-05-01,2025-05-01
888G3||Fuel pressure sender||LEAKING,1,110.46,2025-07-01,2025-07-01
"888G3||Fuel pump||MECHANICAL FAULT,CRACKED, DEFORMED, DAMAGED",2,575.88,2024-06-01,2024-07-01
"888G3||Gas distribution rail||MECHANICAL FAULT,CRACKED, DEFORMED, DAMAGED",1,427.8,2024-05-01,2024-05-01
888G3||Gas pressore sensor||ELECTRICAL FAULT,2,284.1,2024-08-01,2024-08-01
"888G3||Glow plug||MECHANICAL FAULT,CRACKED, DEFORMED, DAMAGED",1,78.01,2025-09-01,2025-09-01
888G3||High pressure pump||LEAKING,2,601.56,2025-06-01,2025-08-01
"888G3||Hydraulic bucket tappet||MECHANICAL FAULT,CRACKED, DEFORMED, DAMAGED",1,1577.5,2025-07-01,2025-07-01
888G3||Impulse sender for camshaft||ELECTRICAL FAULT,5,1472.79,2024-08-01,2025-10-01
"888G3||Impulse sender for camshaft||MECHANICAL FAULT,CRACKED, DEFORMED, DAMAGED",4,800.76,2025-03-01,2025-10-01
"888G3||Impulse sender for camshaft||TORN, BROKEN, ELECTRICAL OPEN CIRCUIT",1,318.96,2025-05-01,2025-05-01
888G3||Impulse sender for crankshaft||ELECTRICAL FAULT,2,163.59,2024-05-01,2025-02-01
"888G3||Impulse sender for crankshaft||MECHANICAL FAULT,CRACKED, DEFORMED, DAMAGED",1,195.49,2024-08-01,2024-08-01
"888G3||Injector||TORN, BROKEN, ELECTRICAL OPEN CIRCUIT",2,510.42,2024-10-01,2024-11-01
"888G3||Inlet Manifold||EXCESSIVE PLAY (LOOSE, WORN, SLACK)",2,200.44,2025-01-01,2025-06-01
888G3||Inlet Manifold||LEAKING,2,746.71,2024-12-01,2025-05-01
"888G3||Inlet Manifold||STIFF (STICKS, JAMS,SEIZED)",2,1318.79,2024-10-01,2024-12-01
"888G3||Inlet Manifold||TORN, BROKEN, ELECTRICAL OPEN CIRCUIT",1,544.49,2024-10-01,2024-10-01
"888G3||Intake air temperature sensor||MECHANICAL FAULT,CRACKED, DEFORMED, DAMAGED",5,753.37,2025-01-01,2025-10-01
888G3||Intermediate shaft seal||LEAKING,1,95.34,2025-07-01,2025-07-01
888G3||Knock sensor||ELECTRICAL FAULT,1,679.55,2024-11-01,2024-11-01
"888G3||Knock sensor||MECHANICAL FAULT,CRACKED, DEFORMED, DAMAGED",4,2076.09,2024-03-01,2024-12-01
"888G3||Oil cooler pipe||MECHANICAL FAULT,CRACKED, DEFORMED, DAMAGED",1,80.81,2025-05-01,2025-05-01
888G3||Oil cooler||LEAKING,3,1190.04,2024-07-01,2025-08-01
"888G3||Oil cooler||MECHANICAL FAULT,CRACKED, DEFORMED, DAMAGED",3,3337.1,2024-08-01,2025-10-01
"888G3||Oil filler cap||EXCESSIVE PLAY (LOOSE, WORN, SLACK)",1,27.33,2024-08-01,2024-08-01
888G3||Oil filler cap||LEAKING,4,230.51,2024-05-01,2025-09-01
"888G3||Oil filler neck||MECHANICAL FAULT,CRACKED, DEFORMED, DAMAGED",1,84.06,2025-09-01,2025-09-01
888G3||Oil filler neck||MISSING STANDARD PART,1,34.24,2024-02-01,2024-02-01
"888G3||Oil filler neck||TORN, BROKEN, ELECTRICAL OPEN CIRCUIT",1,271.85,2024-11-01,2024-11-01
888G3||Oil filter flange||LEAKING,3,1311.73,2024-07-01,2025-09-01
888G3||Oil filter||LEAKING,2,158.76000000000002,2025-03-01,2025-09-01
"888G3||Oil filter||MECHANICAL FAULT,CRACKED, DEFORMED, DAMAGED",3,419.38,2024-11-01,2025-06-01
888G3||Oil level sensor||LEAKING,3,130.32999999999998,2025-02-01,2025-11-01
888G3||Oil pressure sender||ELECTRICAL FAULT,1,28.82,2025-04-01,2025-04-01
"888G3||Oil pressure sender||MECHANICAL FAULT,CRACKED, DEFORMED, DAMAGED",2,74.42,2024-08-01,2025-08-01
"888G3||Oil pump drive||MECHANICAL FAULT,CRACKED, DEFORMED, DAMAGED",3,4127.81,2025-01-01,2025-06-01
"888G3||Oil pump||MECHANICAL FAULT,CRACKED, DEFORMED, DAMAGED",5,29331.52,2025-02-01,2025-08-01
"888G3||Oil pump||STIFF (STICKS, JAMS,SEIZED)",1,5422.21,2025-08-01,2025-08-01
888G3||Oil return pipe||LEAKING,2,733.53,2024-10-01,2025-08-01
"888G3||Oil return pipe||MECHANICAL FAULT,CRACKED, DEFORMED, DAMAGED",1,732.82,2024-07-01,2024-07-01
888G3||Oil separator||Repair as instructed,1,7298.35,2024-08-01,2024-08-01
"888G3||Oil separator||TORN, BROKEN, ELECTRICAL OPEN CIRCUIT",2,924.77,2025-02-01,2025-04-01
888G3||Oil supply pipe||LEAKING,2,412.2,2025-07-01,2025-09-01
"888G3||Oil temperature sender||MECHANICAL FAULT,CRACKED, DEFORMED, DAMAGED",1,43.83,2024-09-01,2024-09-01
888G3||Piston cooling oil jet||INEFFECTIVE,1,75.03,2025-05-01,2025-05-01
"888G3||Piston cooling oil jet||MECHANICAL FAULT,CRACKED, DEFORMED, DAMAGED",2,843.3,2024-11-01,2025-09-01
"888G3||Piston ring set||MECHANICAL FAULT,CRACKED, DEFORMED, DAMAGED",2,8613.4,2025-05-01,2025-07-01
"888G3||Pistons||MECHANICAL FAULT,CRACKED, DEFORMED, DAMAGED",4,14708.08,2024-11-01,2025-10-01
"888G3||Pressure limiting valve||MECHANICAL FAULT,CRACKED, DEFORMED, DAMAGED",2,484.56999999999994,2025-04-01,2025-11-01
888G3||Pressure regulating valve||LEAKING,1,345.2,2025-11-01,2025-11-01
"888G3||Pressure regulating valve||MECHANICAL FAULT,CRACKED, DEFORMED, DAMAGED",1,83.38,2025-10-01,2025-10-01
"888G3||Pressure regulator||MECHANICAL FAULT,CRACKED, DEFORMED, DAMAGED",1,48.1,2025-02-01,2025-02-01
"888G3||Rocker arm||MECHANICAL FAULT,CRACKED, DEFORMED, DAMAGED",4,6860.86,2024-10-01,2025-11-01
"888G3||Rocker arm||TORN, BROKEN, ELECTRICAL OPEN CIRCUIT",1,1991.23,2025-05-01,2025-05-01
"888G3||Seal||MECHANICAL FAULT,CRACKED, DEFORMED, DAMAGED",2,117.34,2024-08-01,2024-09-01
888G3||Spark plug||INEFFECTIVE,1,206.58,2024-08-01,2024-08-01
"888G3||Sprocket for camshaft||MECHANICAL FAULT,CRACKED, DEFORMED, DAMAGED",1,823.33,2025-05-01,2025-05-01
888G3||Sump upper part||LEAKING,4,6048.09,2024-10-01,2025-11-01
"888G3||Sump upper part||MECHANICAL FAULT,CRACKED, DEFORMED, DAMAGED",2,127.75999999999999,2025-01-01,2025-08-01
888G3||Sump||NOISY,1,4605.87,2025-04-01,2025-04-01
"888G3||Temperature sensor||MECHANICAL FAULT,CRACKED, DEFORMED, DAMAGED",1,96.74,2025-10-01,2025-10-01
888G3||Thermostat housing||ELECTRICAL FAULT,2,1448.79,2024-11-01,2025-07-01
888G3||Thermostat housing||Repair as instructed,1,580.51,2025-10-01,2025-10-01
"888G3||Thermostat||MECHANICAL FAULT,CRACKED, DEFORMED, DAMAGED",1,46.8,2025-02-01,2025-02-01
"888G3||Throttle valve control part||EXCESSIVE PLAY (LOOSE, WORN, SLACK)",1,18.35,2025-03-01,2025-03-01
"888G3||Throttle valve control part||STIFF (STICKS, JAMS,SEIZED)",2,93.96000000000001,2024-12-01,2025-04-01
"888G3||Throttle valve housing||MECHANICAL FAULT,CRACKED, DEFORMED, DAMAGED",1,17.41,2025-11-01,2025-11-01
"888G3||Timing chain||MECHANICAL FAULT,CRACKED, DEFORMED, DAMAGED",1,234.88,2025-06-01,2025-06-01
888G3||Turbocharger||LEAKING,4,4140.42,2024-12-01,2025-10-01
888G3||Turbocharger||NOISY,4,3447.4399999999996,2024-07-01,2025-11-01
"888G3||Turbocharger||STIFF (STICKS, JAMS,SEIZED)",2,1875.8,2024-12-01,2025-10-01
888G3||Turbocharger||TESTED (Unable to reproduce fault),1,62.67,2024-10-01,2024-10-01
"888G3||Turbocharger||TORN, BROKEN, ELECTRICAL OPEN CIRCUIT",1,55.65,2025-02-01,2025-02-01
888G3||Two-part flywheel||LEAKING,1,1124.7,2024-10-01,2024-10-01
"888G3||Two-part flywheel||MECHANICAL FAULT,CRACKED, DEFORMED, DAMAGED",5,6682.77,2024-07-01,2025-06-01
"888G3||Valve spring||EXCESSIVE PLAY (LOOSE, WORN, SLACK)",1,2391.89,2025-06-01,2025-06-01
"888G3||Valve spring||MECHANICAL FAULT,CRACKED, DEFORMED, DAMAGED",1,1237.88,2024-08-01,2024-08-01
"888G3||Valve stem seal||TORN, BROKEN, ELECTRICAL OPEN CIRCUIT",2,4151.62,2025-07-01,2025-10-01
888G3||Varible intake manifold flap valve||ELECTRICAL FAULT,1,488.02,2025-11-01,2025-11-01
"888G3||Varible intake manifold flap valve||MECHANICAL FAULT,CRACKED, DEFORMED, DAMAGED",3,1229.6599999999999,2024-08-01,2025-08-01
"888evo4||ACF valve||EXCESSIVE PLAY (LOOSE, WORN, SLACK)",1,141.7,2024-04-01,2024-04-01
888evo4||ACF valve||REDUCTION,1,122.08,2025-04-01,2025-04-01
888evo4||ACF valve||Repair as instructed,1,250.1,2025-04-01,2025-04-01
"888evo4||ACF valve||STIFF (STICKS, JAMS,SEIZED)",5,688.57,2024-05-01,2025-08-01
888evo4||Activated charcoal filter pipe||LEAKING,3,618.36,2024-12-01,2025-07-01
"888evo4||Balance shaft||EXCESSIVE PLAY (LOOSE, WORN, SLACK)",1,4294.5,2025-04-01,2025-04-01
"888evo4||Balance shaft||MECHANICAL FAULT,CRACKED, DEFORMED, DAMAGED",2,356.5,2024-08-01,2025-11-01
888evo4||Base engine||NOISY,1,5618.51,2025-02-01,2025-02-01
888evo4||Camshaft adjuster||LEAKING,3,639.9499999999999,2024-12-01,2025-10-01
888evo4||Camshaft adjuster||NOISY,1,222.89,2025-10-01,2025-10-01
"888evo4||Camshaft adjuster||STIFF (STICKS, JAMS,SEIZED)",1,176.82,2024-05-01,2024-05-01
888evo4||Camshaft housing||NOISY,1,20.83,2025-11-01,2025-11-01
"888evo4||Camshaft oil seal toothed belt side||MECHANICAL FAULT,CRACKED, DEFORMED, DAMAGED",1,66.48,2025-02-01,2025-02-01
888evo4||Camshaft seal||LEAKING,2,1766.24,2024-07-01,2025-04-01
"888evo4||Camshaft||EXCESSIVE PLAY (LOOSE, WORN, SLACK)",3,4998.86,2024-08-01,2025-06-01
"888evo4||Camshaft||TORN, BROKEN, ELECTRICAL OPEN CIRCUIT",3,4384.4,2024-09-01,2025-04-01
"888evo4||Carburettor||MECHANICAL FAULT,CRACKED, DEFORMED, DAMAGED",1,47.98,2025-06-01,2025-06-01
"888evo4||Chain housing cover||EXCESSIVE PLAY (LOOSE, WORN, SLACK)",1,223.32,2025-05-01,2025-05-01
"888evo4||Chain tensioner||EXCESSIVE PLAY (LOOSE, WORN, SLACK)",2,579.74,2024-09-01,2025-06-01
888evo4||Chain tensioner||NOISY,2,756.5,2024-07-01,2025-10-01
"888evo4||Combi-valve||MECHANICAL FAULT,CRACKED, DEFORMED, DAMAGED",1,97.96,2024-12-01,2024-12-01
"888evo4||Compressor||MECHANICAL FAULT,CRACKED, DEFORMED, DAMAGED",5,1446.1100000000001,2024-04-01,2025-09-01
888evo4||Conrod bearing||NOISY,3,19130.24,2024-05-01,2025-08-01
"888evo4||Control housing||EXCESSIVE PLAY (LOOSE, WORN, SLACK)",1,303.76,2025-05-01,2025-05-01
888evo4||Control housing||LEAKING,2,296.99,2024-12-01,2025-10-01
888evo4||Control housing||Repair as instructed,1,506.17,2025-08-01,2025-08-01
888evo4||Coolant pump seals||LEAKING,6,3630.62,2024-05-01,2025-11-01
"888evo4||Coolant pump seals||MECHANICAL FAULT,CRACKED, DEFORMED, DAMAGED",4,670.35,2025-01-01,2025-10-01
888evo4||Coolant pump||ELECTRICAL FAULT,4,2029.71,2025-01-01,2025-10-01
888evo4||Coolant pump||NOISY,1,380.09,2025-10-01,2025-10-01
888evo4||Coolant pump||Repair as instructed,1,656.14,2025-05-01,2025-05-01
"888evo4||Coolant pump||TORN, BROKEN, ELECTRICAL OPEN CIRCUIT",2,384.82,2024-11-01,2025-08-01
888evo4||Coolant temperature sender||LEAKING,4,784.84,2024-06-01,2025-02-01
888evo4||Coolant temperature sender||Repair as instructed,1,138.33,2025-09-01,2025-09-01
888evo4||Crankcase breather||INEFFECTIVE,1,343.19,2025-09-01,2025-09-01
888evo4||Crankcase breather||NOISY,1,73.75,2025-07-01,2025-07-01
"888evo4||Crankcase breather||TORN, BROKEN, ELECTRICAL OPEN CIRCUIT",1,339.76,2025-07-01,2025-07-01
888evo4||Crankshaft bearing||NOISY,2,18038.480000000003,2024-11-01,2025-10-01
888evo4||Crankshaft bearing||Repair as instructed,1,5099.18,2025-01-01,2025-01-01
"888evo4||Crankshaft oil seal, pulley end||LEAKING",4,1439.24,2024-09-01,2025-11-01
"888evo4||Crankshaft oil seal, pulley end||MECHANICAL FAULT,CRACKED, DEFORMED, DAMAGED",3,1070.91,2025-05-01,2025-10-01
"888evo4||Crankshaft vibration damper||MECHANICAL FAULT,CRACKED, DEFORMED, DAMAGED",2,2398.19,2025-04-01,2025-09-01
"888evo4||Crankshaft vibration damper||VIBRATION,OUT OF BALANCE,OUT OF ROUND,",1,531.38,2025-11-01,2025-11-01
"888evo4||Crankshaft||MECHANICAL FAULT,CRACKED, DEFORMED, DAMAGED",4,18458.42,2024-07-01,2025-05-01
888evo4||Cylinder block||Abnormal wear,1,7035.12,2025-03-01,2025-03-01
888evo4||Cylinder block||LEAKING,4,18581.06,2024-07-01,2025-07-01
888evo4||Cylinder block||REDUCTION,1,5014.48,2025-11-01,2025-11-01
"888evo4||Cylinder block||TORN, BROKEN, ELECTRICAL OPEN CIRCUIT",2,10222.2,2024-11-01,2025-06-01
"888evo4||Cylinder head cover gasket||MECHANICAL FAULT,CRACKED, DEFORMED, DAMAGED",4,2312.72,2024-07-01,2025-04-01
"888evo4||Cylinder head fasteners||EXCESSIVE PLAY (LOOSE, WORN, SLACK)",2,371.51,2024-08-01,2024-11-01
"888evo4||Cylinder head fasteners||MECHANICAL FAULT,CRACKED, DEFORMED, DAMAGED",1,101.38,2025-09-01,2025-09-01
888evo4||Cylinder head||NOISY,3,6977.5599999999995,2024-05-01,2025-10-01
888evo4||Cylinder head||Repair as instructed,5,19434.989999999998,2024-04-01,2025-07-01
"888evo4||Damper||MECHANICAL FAULT,CRACKED, DEFORMED, DAMAGED",1,548.08,2025-07-01,2025-07-01
"888evo4||Deflector plate||EXCESSIVE PLAY (LOOSE, WORN, SLACK)",1,41.76,2025-06-01,2025-06-01
"888evo4||Deflector plate||MECHANICAL FAULT,CRACKED, DEFORMED, DAMAGED",3,790.9300000000001,2025-01-01,2025-05-01
"888evo4||Dipstick||EXCESSIVE PLAY (LOOSE, WORN, SLACK)",1,60.2,2025-09-01,2025-09-01
888evo4||Dipstick||LEAKING,4,436.8,2024-10-01,2025-11-01
888evo4||Dipstick||MISSING STANDARD PART,1,56.42,2025-01-01,2025-01-01
"888evo4||Drive plate for converter||MECHANICAL FAULT,CRACKED, DEFORMED, DAMAGED",1,1376.58,2025-08-01,2025-08-01
"888evo4||EGR throttle valve part||MECHANICAL FAULT,CRACKED, DEFORMED, DAMAGED",1,93.82,2025-05-01,2025-05-01
"888evo4||Engine complete||MECHANICAL FAULT,CRACKED, DEFORMED, DAMAGED",2,1292.85,2025-03-01,2025-08-01
"888evo4||Engine speed sender wheel||MECHANICAL FAULT,CRACKED, DEFORMED, DAMAGED",3,162.45,2025-01-01,2025-04-01
"888evo4||Engine wiring loom||CABLE (CHAFED, SHORT CIRCUIT)",5,3272.11,2024-10-01,2025-06-01
"888evo4||Engine wiring loom||CABLE (PINCHED, SHORT CIRCUIT)",2,5100.7,2024-11-01,2024-12-01
"888evo4||Engine wiring loom||CABLE CONNECTION (LOOSE, INTERMITTENT, POOR GROUND)",5,2361.27,2024-07-01,2025-08-01
888evo4||Engine wiring loom||CONNECTOR HOUSING / COUPLING,4,1318.25,2025-05-01,2025-08-01
"888evo4||Engine wiring loom||CONTACT / PLUG (LOOSE, PINS PUSHED BACK)",3,2340.55,2024-04-01,2025-06-01
"888evo4||Engine wiring loom||CONTACT / PLUG (REVERSE POLARITY, INCORRECT HOUSING LOCK)",2,798.51,2025-01-01,2025-08-01
888evo4||Engine wiring loom||CRIMP CONTACT (CRIMPED OVER INSULATION),1,1079.8,2025-06-01,2025-06-01
"888evo4||Engine wiring loom||ELECTRICAL SCREW CONNECTION (SCREW LOOSE, MISSING)",1,911.84,2025-03-01,2025-03-01
"888evo4||Engine wiring loom||EXCESSIVE PLAY (LOOSE, WORN, SLACK)",1,335.66,2024-08-01,2024-08-01
"888evo4||Exhaust gas recirculation cooler||MECHANICAL FAULT,CRACKED, DEFORMED, DAMAGED",1,469.13,2025-08-01,2025-08-01
"888evo4||Exhaust gas recirculation valve||MECHANICAL FAULT,CRACKED, DEFORMED, DAMAGED",1,55.57,2024-11-01,2024-11-01
888evo4||Exhaust manifold gasket||LEAKING,1,160.12,2025-09-01,2025-09-01
"888evo4||Exhaust manifold securing parts||EXCESSIVE PLAY (LOOSE, WORN, SLACK)",1,157.15,2025-06-01,2025-06-01
888evo4||Exhaust manifold||NOISY,1,144.86,2025-10-01,2025-10-01
888evo4||Fuel distributor||LEAKING,2,243.26,2025-04-01,2025-11-01
"888evo4||Fuel distributor||TORN, BROKEN, ELECTRICAL OPEN CIRCUIT",1,82.68,2025-02-01,2025-02-01
"888evo4||Fuel pressure regulating valve||MECHANICAL FAULT,CRACKED, DEFORMED, DAMAGED",1,168.53,2025-10-01,2025-10-01
888evo4||Fuel pressure sender||LEAKING,2,245.59,2025-04-01,2025-06-01
888evo4||Fuel pump||LEAKING,1,259.75,2025-08-01,2025-08-01
"888evo4||Fuel rail||MECHANICAL FAULT,CRACKED, DEFORMED, DAMAGED",2,137.55,2024-12-01,2025-11-01
888evo4||Gas injector||LEAKING,1,72.99,2025-10-01,2025-10-01
888evo4||Glow plug||ELECTRICAL FAULT,1,61.78,2025-08-01,2025-08-01
888evo4||High pressure pump||INEFFECTIVE,6,3244.0,2024-07-01,2025-10-01
888evo4||High pressure pump||LEAKING,9,3491.17,2024-12-01,2025-11-01
"888evo4||Hydraulic bucket tappet||MECHANICAL FAULT,CRACKED, DEFORMED, DAMAGED",1,2157.51,2025-11-01,2025-11-01
888evo4||Hydraulic bucket tappet||NOISY,2,4173.0,2024-09-01,2024-12-01
"888evo4||Idling + overrun cut off control valve||MECHANICAL FAULT,CRACKED, DEFORMED, DAMAGED",1,147.21,2025-09-01,2025-09-01
888evo4||Ignition coil||INEFFECTIVE,2,552.76,2025-07-01,2025-08-01
"888evo4||Ignition coil||TORN, BROKEN, ELECTRICAL OPEN CIRCUIT",2,242.63,2025-06-01,2025-06-01
"888evo4||Impulse sender for camshaft||TORN, BROKEN, ELECTRICAL OPEN CIRCUIT",1,73.58,2025-06-01,2025-06-01
"888evo4||Impulse sender for crankshaft||CABLE CONNECTION (LOOSE, INTERMITTENT, POOR GROUND)",1,827.96,2025-10-01,2025-10-01
"888evo4||Impulse sender for crankshaft||TORN, BROKEN, ELECTRICAL OPEN CIRCUIT",1,64.27,2024-12-01,2024-12-01
888evo4||Injection pump||ELECTRICAL FAULT,1,49.44,2025-10-01,2025-10-01
888evo4||Injector||Repair as instructed,1,587.63,2025-01-01,2025-01-01
"888evo4||Inlet Manifold||EXCESSIVE PLAY (LOOSE, WORN, SLACK)",1,493.19,2025-10-01,2025-10-01
888evo4||Inlet Manifold||LEAKING,3,598.13,2025-01-01,2025-11-01
"888evo4||Inlet Manifold||STIFF (STICKS, JAMS,SEIZED)",4,1798.5500000000002,2024-11-01,2025-06-01
"888evo4||Inlet Manifold||TORN, BROKEN, ELECTRICAL OPEN CIRCUIT",3,3766.76,2025-04-01,2025-07-01
"888evo4||Intake air temperature sensor||TORN, BROKEN, ELECTRICAL OPEN CIRCUIT",1,52.59,2025-03-01,2025-03-01
"888evo4||Intake valve||MECHANICAL FAULT,CRACKED, DEFORMED, DAMAGED",1,162.22,2025-07-01,2025-07-01
888evo4||Knock sensor||ELECTRICAL FAULT,3,533.6999999999999,2025-04-01,2025-09-01
"888evo4||Knock sensor||MECHANICAL FAULT,CRACKED, DEFORMED, DAMAGED",5,2631.96,2025-03-01,2025-11-01
"888evo4||Knock sensor||TORN, BROKEN, ELECTRICAL OPEN CIRCUIT",1,692.36,2025-06-01,2025-06-01
888evo4||Oil cooler||INCORRECT STANDARD PART/SPECIFICATION,1,452.42,2024-05-01,2024-05-01
"888evo4||Oil cooler||TORN, BROKEN, ELECTRICAL OPEN CIRCUIT",2,1351.21,2025-02-01,2025-09-01
888evo4||Oil drain plug||LEAKING,3,376.88,2024-12-01,2025-11-01
"888evo4||Oil drain plug||TORN, BROKEN, ELECTRICAL OPEN CIRCUIT",1,163.7,2024-12-01,2024-12-01
888evo4||Oil filler cap||INCORRECT STANDARD PART/SPECIFICATION,2,16.59,2024-11-01,2025-03-01
888evo4||Oil filler neck||LEAKING,2,289.26,2024-09-01,2024-11-01
"888evo4||Oil filler neck||TORN, BROKEN, ELECTRICAL OPEN CIRCUIT",1,2.03,2024-08-01,2024-08-01
"888evo4||Oil filter flange||TORN, BROKEN, ELECTRICAL OPEN CIRCUIT",1,439.88,2025-04-01,2025-04-01
888evo4||Oil pressure sender||ELECTRICAL FAULT,5,775.6099999999999,2024-08-01,2025-11-01
"888evo4||Oil pressure sender||MECHANICAL FAULT,CRACKED, DEFORMED, DAMAGED",1,74.04,2025-09-01,2025-09-01
888evo4||Oil pressure switch||Repair as instructed,1,60.22,2025-01-01,2025-01-01
888evo4||Oil separator||INEFFECTIVE,2,956.9,2025-06-01,2025-07-01
888evo4||Oil sump gasket||LEAKING,3,1342.81,2024-12-01,2025-11-01
"888evo4||Oil sump gasket||MECHANICAL FAULT,CRACKED, DEFORMED, DAMAGED",2,107.14000000000001,2025-02-01,2025-10-01
"888evo4||Oil supply pipe||TORN, BROKEN, ELECTRICAL OPEN CIRCUIT",2,729.06,2024-12-01,2024-12-01
888evo4||Oil temperature sender||ELECTRICAL FAULT,1,80.87,2025-09-01,2025-09-01
"888evo4||Oil temperature sender||MECHANICAL FAULT,CRACKED, DEFORMED, DAMAGED",1,31.47,2024-10-01,2024-10-01
888evo4||Output shaft bearing||NOISY,1,13.91,2025-07-01,2025-07-01
"888evo4||Piston cooling oil jet||MECHANICAL FAULT,CRACKED, DEFORMED, DAMAGED",3,220.01,2025-01-01,2025-11-01
"888evo4||Piston ring set||MECHANICAL FAULT,CRACKED, DEFORMED, DAMAGED",1,19151.64,2024-05-01,2024-05-01
888evo4||Pistons||NOISY,1,89.2,2024-07-01,2024-07-01
888evo4||Pistons||Repair as instructed,1,8501.04,2024-10-01,2024-10-01
"888evo4||Pressure limiting valve||MECHANICAL FAULT,CRACKED, DEFORMED, DAMAGED",1,279.89,2025-01-01,2025-01-01
888evo4||Pressure regulating valve||LEAKING,5,1559.3300000000002,2024-11-01,2025-11-01
"888evo4||Rocker arm||EXCESSIVE PLAY (LOOSE, WORN, SLACK)",1,1934.67,2025-09-01,2025-09-01
"888evo4||Rocker arm||MECHANICAL FAULT,CRACKED, DEFORMED, DAMAGED",4,9154.93,2024-08-01,2025-08-01
888evo4||Seal||LEAKING,1,476.42,2024-12-01,2024-12-01
888evo4||Spark plug||INEFFECTIVE,1,412.31,2024-07-01,2024-07-01
888evo4||Spark plug||Repair as instructed,1,65.63,2025-06-01,2025-06-01
"888evo4||Spark plug||TORN, BROKEN, ELECTRICAL OPEN CIRCUIT",2,247.48999999999998,2024-09-01,2025-01-01
"888evo4||Sprocket||MECHANICAL FAULT,CRACKED, DEFORMED, DAMAGED",1,33.75,2024-10-01,2024-10-01
888evo4||Sump upper part||LEAKING,3,5590.030000000001,2024-04-01,2025-02-01
"888evo4||Sump upper part||MECHANICAL FAULT,CRACKED, DEFORMED, DAMAGED",2,2072.98,2024-12-01,2025-04-01
888evo4||Thermostat housing||Repair as instructed,2,1691.48,2025-05-01,2025-06-01
"888evo4||Thermostat housing||TORN, BROKEN, ELECTRICAL OPEN CIRCUIT",7,5748.67,2024-05-01,2025-07-01
888evo4||Thermostat||ELECTRICAL FAULT,1,53.36,2025-04-01,2025-04-01
888evo4||Thermostat||LEAKING,3,1002.09,2024-05-01,2025-10-01
"888evo4||Thermostat||MECHANICAL FAULT,CRACKED, DEFORMED, DAMAGED",5,2431.69,2025-01-01,2025-10-01
"888evo4||Thermostat||TORN, BROKEN, ELECTRICAL OPEN CIRCUIT",2,548.9100000000001,2024-12-01,2025-03-01
"888evo4||Throttle valve control part||STIFF (STICKS, JAMS,SEIZED)",1,101.14,2025-02-01,2025-02-01
"888evo4||Throttle valve control part||TORN, BROKEN, ELECTRICAL OPEN CIRCUIT",1,211.36,2025-02-01,2025-02-01
888evo4||Throttle valve housing||ELECTRICAL FAULT,1,418.81,2025-04-01,2025-04-01
888evo4||Throttle valve positioner||ELECTRICAL FAULT,2,279.47,2024-12-01,2025-11-01
888evo4||Throttle valve switch||ELECTRICAL FAULT,1,26.68,2025-05-01,2025-05-01
"888evo4||Throttle valve switch||MECHANICAL FAULT,CRACKED, DEFORMED, DAMAGED",1,64.98,2024-12-01,2024-12-01
"888evo4||Timing chain||MECHANICAL FAULT,CRACKED, DEFORMED, DAMAGED",1,1301.71,2025-07-01,2025-07-01
888evo4||Timing chain||NOISY,2,70.50999999999999,2025-03-01,2025-10-01
"888evo4||Toothed belt cover inj. pump||MECHANICAL FAULT,CRACKED, DEFORMED, DAMAGED",2,311.43,2025-02-01,2025-02-01
"888evo4||Toothed belt||MECHANICAL FAULT,CRACKED, DEFORMED, DAMAGED",1,510.69,2025-03-01,2025-03-01
"888evo4||Turbocharger||EXCESSIVE PLAY (LOOSE, WORN, SLACK)",1,68.6,2025-06-01,2025-06-01
888evo4||Turbocharger||INCORRECT STANDARD PART/SPECIFICATION,1,43.93,2025-04-01,2025-04-01
888evo4||Turbocharger||INEFFECTIVE,3,7924.500000000001,2024-05-01,2025-08-01
888evo4||Turbocharger||Repair as instructed,3,1197.22,2025-04-01,2025-07-01
"888evo4||Turbocharger||STIFF (STICKS, JAMS,SEIZED)",3,2301.16,2024-08-01,2025-08-01
"888evo4||Turbocharger||TORN, BROKEN, ELECTRICAL OPEN CIRCUIT",2,1869.03,2025-10-01,2025-11-01
"888evo4||Two-part flywheel||EXCESSIVE PLAY (LOOSE, WORN, SLACK)",1,2085.08,2025-02-01,2025-02-01
"888evo4||Two-part flywheel||MECHANICAL FAULT,CRACKED, DEFORMED, DAMAGED",3,7273.200000000001,2024-04-01,2025-04-01
888evo4||Two-part flywheel||NOISY,3,5251.46,2025-02-01,2025-09-01
888evo4||Union for supercharger||LEAKING,2,88.00999999999999,2025-08-01,2025-08-01
888evo4||Vacuum hoses||LEAKING,1,254.53,2024-04-01,2024-04-01
888evo4||Valve stem seal||LEAKING,5,9618.67,2025-07-01,2025-11-01
"888evo4||Valve stem seal||MECHANICAL FAULT,CRACKED, DEFORMED, DAMAGED",9,14011.26,2024-12-01,2025-11-01
"888evo4||Variable intake manifold pressure unit||MECHANICAL FAULT,CRACKED, DEFORMED, DAMAGED",1,0.0,2024-08-01,2024-08-01
888evo5||ACF valve||LEAKING,4,708.88,2025-06-01,2025-11-01
"888evo5||ACF valve||STIFF (STICKS, JAMS,SEIZED)",1,147.37,2025-11-01,2025-11-01
888evo5||Activated charcoal filter pipe||ELECTRICAL FAULT,1,6.33,2025-08-01,2025-08-01
888evo5||Activated charcoal filter pipe||LEAKING,2,478.33,2025-06-01,2025-11-01
"888evo5||Activated charcoal filter pipe||MECHANICAL FAULT,CRACKED, DEFORMED, DAMAGED",2,412.35,2025-06-01,2025-07-01
888evo5||Activated charcoal filter pipe||NOISY,1,258.41,2025-10-01,2025-10-01
888evo5||Camshaft adjuster||ELECTRICAL FAULT,5,3210.1400000000003,2025-07-01,2025-11-01
888evo5||Camshaft adjuster||INCORRECTLY ADJUSTED,1,124.56,2025-06-01,2025-06-01
"888evo5||Camshaft adjuster||MECHANICAL FAULT,CRACKED, DEFORMED, DAMAGED",10,2782.57,2025-06-01,2025-11-01
"888evo5||Camshaft bearings||MECHANICAL FAULT,CRACKED, DEFORMED, DAMAGED",1,81.69,2025-11-01,2025-11-01
"888evo5||Camshaft||MECHANICAL FAULT,CRACKED, DEFORMED, DAMAGED",8,13590.21,2025-06-01,2025-09-01
888evo5||Camshaft||NOISY,1,728.68,2025-06-01,2025-06-01
888evo5||Chain housing cover||LEAKING,29,14418.789999999999,2025-06-01,2025-11-01
"888evo5||Chain housing cover||MECHANICAL FAULT,CRACKED, DEFORMED, DAMAGED",15,10323.9,2025-06-01,2025-11-01
"888evo5||Chain tensioner||MECHANICAL FAULT,CRACKED, DEFORMED, DAMAGED",1,315.26,2025-09-01,2025-09-01
"888evo5||Cold start valve||MECHANICAL FAULT,CRACKED, DEFORMED, DAMAGED",1,693.31,2025-06-01,2025-06-01
888evo5||Combi-valve||ELECTRICAL FAULT,46,24624.54,2025-07-01,2025-11-01
"888evo5||Combi-valve||EXCESSIVE PLAY (LOOSE, WORN, SLACK)",1,214.84,2025-10-01,2025-10-01
888evo5||Combi-valve||LEAKING,2,571.3299999999999,2025-08-01,2025-11-01
"888evo5||Combi-valve||STIFF (STICKS, JAMS,SEIZED)",6,3889.2200000000003,2025-08-01,2025-11-01
888evo5||Coolant hose flange||LEAKING,4,1169.3600000000001,2025-07-01,2025-11-01
"888evo5||Coolant hose flange||MECHANICAL FAULT,CRACKED, DEFORMED, DAMAGED",2,117.25,2025-08-01,2025-10-01
888evo5||Coolant pipe||LEAKING,17,6148.0,2025-05-01,2025-11-01
888evo5||Coolant pipe||NOISY,1,100.21,2025-10-01,2025-10-01
888evo5||Coolant pump seals||LEAKING,1,629.39,2025-10-01,2025-10-01
888evo5||Coolant pump||LEAKING,2,768.1099999999999,2025-07-01,2025-07-01
888evo5||Coolant pump||NOISY,1,512.43,2025-06-01,2025-06-01
888evo5||Coolant temperature sender||ELECTRICAL FAULT,13,3941.4400000000005,2025-07-01,2025-11-01
888evo5||Coolant temperature sender||LEAKING,1,337.94,2025-11-01,2025-11-01
"888evo5||Coolant temperature sender||MECHANICAL FAULT,CRACKED, DEFORMED, DAMAGED",5,1568.8,2025-08-01,2025-11-01
888evo5||Core plug||LEAKING,1,907.82,2025-05-01,2025-05-01
"888evo5||Crankcase breather||MECHANICAL FAULT,CRACKED, DEFORMED, DAMAGED",6,2203.51,2025-06-01,2025-10-01
"888evo5||Crankshaft oil seal, pulley end||MECHANICAL FAULT,CRACKED, DEFORMED, DAMAGED",1,3462.4,2025-06-01,2025-06-01
"888evo5||Crankshaft||MECHANICAL FAULT,CRACKED, DEFORMED, DAMAGED",2,297.59000000000003,2025-07-01,2025-08-01
"888evo5||Cylinder block||EXCESSIVE PLAY (LOOSE, WORN, SLACK)",1,244.74,2025-08-01,2025-08-01
888evo5||Cylinder block||NOISY,3,37787.43,2025-06-01,2025-09-01
888evo5||Cylinder block||Repair as instructed,7,24346.41,2025-07-01,2025-10-01
"888evo5||Cylinder block||TORN, BROKEN, ELECTRICAL OPEN CIRCUIT",2,471.58,2025-05-01,2025-10-01
888evo5||Cylinder head gasket||LEAKING,6,16358.76,2025-07-01,2025-11-01
"888evo5||Cylinder head gasket||MECHANICAL FAULT,CRACKED, DEFORMED, DAMAGED",2,6289.49,2025-07-01,2025-11-01
"888evo5||Cylinder head||TORN, BROKEN, ELECTRICAL OPEN CIRCUIT",1,90.49,2025-10-01,2025-10-01
"888evo5||Cylinder liner||MECHANICAL FAULT,CRACKED, DEFORMED, DAMAGED",1,95.15,2025-10-01,2025-10-01
"888evo5||Dipstick||MECHANICAL FAULT,CRACKED, DEFORMED, DAMAGED",5,712.03,2025-09-01,2025-11-01
"888evo5||Drive plate for converter||MECHANICAL FAULT,CRACKED, DEFORMED, DAMAGED",1,2138.39,2025-11-01,2025-11-01
888evo5||Elec inj wiring loom||ELECTRICAL FAULT,1,1232.26,2025-09-01,2025-09-01
"888evo5||Engine Oil||MECHANICAL FAULT,CRACKED, DEFORMED, DAMAGED",1,25.54,2025-08-01,2025-08-01
888evo5||Engine Oil||Repair as instructed,1,186.9,2025-10-01,2025-10-01
"888evo5||Engine speed sender wheel||MECHANICAL FAULT,CRACKED, DEFORMED, DAMAGED",4,5611.36,2025-06-01,2025-10-01
"888evo5||Engine wiring loom||CONTACT / PLUG (LOOSE, PINS PUSHED BACK)",1,190.57,2025-11-01,2025-11-01
"888evo5||Engine wiring loom||CONTACT / PLUG (REVERSE POLARITY, INCORRECT HOUSING LOCK)",1,218.52,2025-10-01,2025-10-01
888evo5||Engine wiring loom||CRIMP CONTACT (CRIMPED OVER INSULATION),1,113.57,2025-10-01,2025-10-01
888evo5||Engine wiring loom||ELECTRICAL FAULT,12,7948.88,2025-06-01,2025-11-01
"888evo5||Engine wiring loom||MECHANICAL FAULT,CRACKED, DEFORMED, DAMAGED",12,11227.47,2025-06-01,2025-11-01
"888evo5||Engine wiring loom||TORN, BROKEN, ELECTRICAL OPEN CIRCUIT",1,632.87,2025-07-01,2025-07-01
"888evo5||Exhaust manifold gasket||MECHANICAL FAULT,CRACKED, DEFORMED, DAMAGED",1,67.85,2025-11-01,2025-11-01
888evo5||Fuel distributor||LEAKING,1,607.02,2025-07-01,2025-07-01
"888evo5||Fuel distributor||MECHANICAL FAULT,CRACKED, DEFORMED, DAMAGED",6,6388.81,2025-08-01,2025-11-01
888evo5||Fuel pressure regulating valve||ELECTRICAL FAULT,1,329.11,2025-10-01,2025-10-01
888evo5||Fuel pressure sender||LEAKING,3,1318.9099999999999,2025-10-01,2025-11-01
"888evo5||Fuel pressure sender||TORN, BROKEN, ELECTRICAL OPEN CIRCUIT",2,714.77,2025-06-01,2025-09-01
888evo5||Gas injector||ELECTRICAL FAULT,1,198.53,2025-11-01,2025-11-01
888evo5||High pressure pump||LEAKING,7,5314.57,2025-05-01,2025-10-01
"888evo5||High pressure pump||MECHANICAL FAULT,CRACKED, DEFORMED, DAMAGED",10,6680.610000000001,2025-05-01,2025-11-01
888evo5||Hydraulic bucket tappet||NOISY,1,1555.95,2025-10-01,2025-10-01
888evo5||Ignition coil||INEFFECTIVE,1,94.56,2025-09-01,2025-09-01
888evo5||Ignition coil||Repair as instructed,2,647.02,2025-05-01,2025-11-01
888evo5||Impulse sender for camshaft||INEFFECTIVE,2,496.78999999999996,2025-07-01,2025-11-01
"888evo5||Impulse sender for camshaft||MECHANICAL FAULT,CRACKED, DEFORMED, DAMAGED",7,2057.9300000000003,2025-06-01,2025-11-01
"888evo5||Impulse sender for camshaft||TORN, BROKEN, ELECTRICAL OPEN CIRCUIT",2,247.04,2025-09-01,2025-11-01
888evo5||Impulse sender for crankshaft||ELECTRICAL FAULT,3,1761.45,2025-08-01,2025-09-01
"888evo5||Impulse sender for crankshaft||MECHANICAL FAULT,CRACKED, DEFORMED, DAMAGED",3,3565.0,2025-06-01,2025-10-01
888evo5||Injector||INEFFECTIVE,43,3368.2799999999997,2025-07-01,2025-11-01
888evo5||Injector||LEAKING,1,979.39,2025-10-01,2025-10-01
"888evo5||Injector||STIFF (STICKS, JAMS,SEIZED)",1,2813.95,2025-06-01,2025-06-01
888evo5||Inlet Manifold||LEAKING,2,1008.72,2025-08-01,2025-11-01
"888evo5||Inlet Manifold||MECHANICAL FAULT,CRACKED, DEFORMED, DAMAGED",6,1649.2,2025-06-01,2025-11-01
888evo5||Intake air temperature sensor||ELECTRICAL FAULT,1,67.23,2025-10-01,2025-10-01
"888evo5||Intake manifold pressure sender||MECHANICAL FAULT,CRACKED, DEFORMED, DAMAGED",7,907.07,2025-08-01,2025-11-01
888evo5||Knock sensor||ELECTRICAL FAULT,1,851.73,2025-07-01,2025-07-01
"888evo5||Knock sensor||MECHANICAL FAULT,CRACKED, DEFORMED, DAMAGED",3,2266.51,2025-07-01,2025-09-01
"888evo5||Knock sensor||TORN, BROKEN, ELECTRICAL OPEN CIRCUIT",1,85.6,2025-11-01,2025-11-01
888evo5||Oil cooler||LEAKING,1,688.31,2025-07-01,2025-07-01
888evo5||Oil drain plug||LEAKING,3,355.93,2025-05-01,2025-11-01
"888evo5||Oil filler cap||EXCESSIVE PLAY (LOOSE, WORN, SLACK)",3,133.9,2025-10-01,2025-11-01
888evo5||Oil filler cap||LEAKING,1,46.65,2025-10-01,2025-10-01
"888evo5||Oil filler cap||MECHANICAL FAULT,CRACKED, DEFORMED, DAMAGED",9,725.36,2025-05-01,2025-10-01
888evo5||Oil filter||LEAKING,2,155.85,2025-10-01,2025-11-01
"888evo5||Oil filter||MECHANICAL FAULT,CRACKED, DEFORMED, DAMAGED",3,1721.48,2025-05-01,2025-11-01
888evo5||Oil level sensor||INCORRECT STANDARD PART/SPECIFICATION,1,18.65,2025-10-01,2025-10-01
888evo5||Oil level sensor||LEAKING,1,73.82,2025-11-01,2025-11-01
"888evo5||Oil level sensor||MECHANICAL FAULT,CRACKED, DEFORMED, DAMAGED",4,1143.95,2025-10-01,2025-11-01
888evo5||Oil pressure sender||ELECTRICAL FAULT,1,257.38,2025-10-01,2025-10-01
888evo5||Oil pressure switch||ELECTRICAL FAULT,8,1979.4900000000002,2025-06-01,2025-10-01
"888evo5||Oil pressure switch||MECHANICAL FAULT,CRACKED, DEFORMED, DAMAGED",9,1599.26,2025-09-01,2025-11-01
888evo5||Oil return pipe||LEAKING,21,18466.71,2025-07-01,2025-11-01
"888evo5||Oil return pipe||MECHANICAL FAULT,CRACKED, DEFORMED, DAMAGED",8,5723.19,2025-07-01,2025-11-01
"888evo5||Oil separator||MECHANICAL FAULT,CRACKED, DEFORMED, DAMAGED",5,874.94,2025-10-01,2025-11-01
888evo5||Oil supply pipe||LEAKING,4,3209.79,2025-09-01,2025-09-01
"888evo5||Oil supply pipe||MECHANICAL FAULT,CRACKED, DEFORMED, DAMAGED",3,3298.77,2025-09-01,2025-11-01
"888evo5||Output shaft bearing||MECHANICAL FAULT,CRACKED, DEFORMED, DAMAGED",1,1141.58,2025-09-01,2025-09-01
"888evo5||Piston cooling oil jet||MECHANICAL FAULT,CRACKED, DEFORMED, DAMAGED",1,400.77,2025-07-01,2025-07-01
"888evo5||Pistons||MECHANICAL FAULT,CRACKED, DEFORMED, DAMAGED",1,16766.83,2025-11-01,2025-11-01
"888evo5||Pressure regulating valve||MECHANICAL FAULT,CRACKED, DEFORMED, DAMAGED",1,0.42,2025-10-01,2025-10-01
888evo5||Pressure sensor||ELECTRICAL FAULT,4,290.21000000000004,2025-09-01,2025-11-01
"888evo5||Pressure sensor||MECHANICAL FAULT,CRACKED, DEFORMED, DAMAGED",1,638.73,2025-11-01,2025-11-01
"888evo5||Rocker arm||MECHANICAL FAULT,CRACKED, DEFORMED, DAMAGED",1,30.27,2025-06-01,2025-06-01
888evo5||Rocker arm||Repair as instructed,1,18043.78,2025-06-01,2025-06-01
888evo5||Spark plug||INEFFECTIVE,1,83.5,2025-06-01,2025-06-01
"888evo5||Spark plug||MECHANICAL FAULT,CRACKED, DEFORMED, DAMAGED",15,2958.92,2025-06-01,2025-11-01
888evo5||Sump||LEAKING,4,763.01,2025-06-01,2025-10-01
"888evo5||Sump||MECHANICAL FAULT,CRACKED, DEFORMED, DAMAGED",3,1637.65,2025-05-01,2025-07-01
888evo5||Thermostat housing||ELECTRICAL FAULT,3,3791.39,2025-09-01,2025-11-01
888evo5||Thermostat housing||LEAKING,2,1966.3000000000002,2025-08-01,2025-11-01
"888evo5||Thermostat housing||MECHANICAL FAULT,CRACKED, DEFORMED, DAMAGED",1,59.46,2025-10-01,2025-10-01
888evo5||Thermostat||ELECTRICAL FAULT,1,580.86,2025-06-01,2025-06-01
"888evo5||Thermostat||MECHANICAL FAULT,CRACKED, DEFORMED, DAMAGED",1,781.13,2025-07-01,2025-07-01
888evo5||Throttle valve control part||INEFFECTIVE,7,2906.2300000000005,2025-06-01,2025-10-01
888evo5||Throttle valve control part||Repair as instructed,1,709.71,2025-08-01,2025-08-01
"888evo5||Throttle valve control part||STIFF (STICKS, JAMS,SEIZED)",5,1900.74,2025-08-01,2025-09-01
"888evo5||Throttle valve control part||TORN, BROKEN, ELECTRICAL OPEN CIRCUIT",5,2132.06,2025-07-01,2025-11-01
888evo5||Throttle valve housing||ELECTRICAL FAULT,2,276.98,2025-10-01,2025-10-01
"888evo5||Throttle valve housing||MECHANICAL FAULT,CRACKED, DEFORMED, DAMAGED",2,562.3,2025-06-01,2025-11-01
888evo5||Throttle valve potentiometer||ELECTRICAL FAULT,1,102.43,2025-08-01,2025-08-01
888evo5||Turbocharger||INEFFECTIVE,1,165.77,2025-11-01,2025-11-01
"888evo5||Turbocharger||MECHANICAL FAULT,CRACKED, DEFORMED, DAMAGED",12,26387.55,2025-06-01,2025-11-01
888evo5||Turbocharger||NOISY,2,2501.55,2025-07-01,2025-09-01
888evo5||Turbocharger||TESTED (Unable to reproduce fault),1,87.64,2025-10-01,2025-10-01
"888evo5||Vacuum hoses||EXCESSIVE PLAY (LOOSE, WORN, SLACK)",1,87.02,2025-06-01,2025-06-01
888evo5||Variable intake manifold flap potentiometer||ELECTRICAL FAULT,1,43.66,2025-11-01,2025-11-01
